INT-IMM-001,Ministry of Interior and National Administration,Immigration Services,Department of Immigration Services,Passport Application,C2G,Transactional,Online,eCitizen,Kenya Citizenship and Immigration Act,Citizen-facing
INT-IMM-002,Ministry of Interior and National Administration,Immigration Services,Department of Immigration Services,Passport Renewal,C2G,Transactional,Online,eCitizen,Kenya Citizenship and Immigration Act,Citizen-facing
INT-IMM-003,Ministry of Interior and National Administration,Immigration Services,Department of Immigration Services,Replacement of Lost Passport,C2G,Transactional,Online,eCitizen,Kenya Citizenship and Immigration Act,Citizen-facing
INT-IMM-004,Ministry of Interior and National Administration,Immigration Services,Department of Immigration Services,Visa Application,C2G,Transactional,Online,eCitizen,Kenya Citizenship and Immigration Act,Foreign nationals
INT-IMM-005,Ministry of Interior and National Administration,Immigration Services,Department of Immigration Services,Work Permit Application,B2G,Regulatory,Online,eCitizen,Kenya Citizenship and Immigration Act,Employment-related
INT-IMM-006,Ministry of Interior and National Administration,Immigration Services,Department of Immigration Services,Alien Registration,B2G,Regulatory,Online,eCitizen,Kenya Citizenship and Immigration Act,Foreign residents
INT-REG-001,Ministry of Interior and National Administration,Registration of Persons,National Registration Bureau,National ID Application,C2G,Transactional,Physical/Huduma,Huduma,Registration of Persons Act,Citizen-facing
INT-REG-002,Ministry of Interior and National Administration,Registration of Persons,National Registration Bureau,Replacement of Lost ID,C2G,Transactional,Physical/Huduma,Huduma,Registration of Persons Act,Citizen-facing
INT-REG-003,Ministry of Interior and National Administration,Registration of Persons,National Registration Bureau,Correction of ID Details,C2G,Transactional,Physical/Huduma,Huduma,Registration of Persons Act,Citizen-facing
INT-CIV-001,Ministry of Interior and National Administration,Civil Registration,Civil Registration Services,Birth Registration,C2G,Transactional,Physical/Huduma,Huduma,Births and Deaths Registration Act,Civil status
INT-CIV-002,Ministry of Interior and National Administration,Civil Registration,Civil Registration Services,Death Registration,C2G,Transactional,Physical/Huduma,Huduma,Births and Deaths Registration Act,Civil status
INT-CIV-003,Ministry of Interior and National Administration,Civil Registration,Civil Registration Services,Issuance of Birth Certificate,C2G,Transactional,Physical/Huduma,Huduma,Births and Deaths Registration Act,Citizen-facing
INT-SEC-001,Ministry of Interior and National Administration,Internal Security,National Police Service,Police Clearance Certificate,C2G,Transactional,Online,eCitizen,National Police Service Act,Citizen-facing
INT-SEC-002,Ministry of Interior and National Administration,Internal Security,National Police Service,Police Abstract,C2G,Transactional,Physical,Police Stations,National Police Service Act,Incident reporting
INT-SEC-003,Ministry of Interior and National Administration,Internal Security,National Police Service,Firearms Licensing,B2G,Regulatory,Physical/Online,NPS Portal,Firearms Act,Restricted service
TRE-PFM-001,National Treasury and Economic Planning,Public Finance Management,National Treasury,Budget Preparation and Submission,G2G,Administrative,Internal,IFMIS,Public Finance Management Act,Annual budget cycle
TRE-PFM-002,National Treasury and Economic Planning,Public Finance Management,National Treasury,Issuance of Budget Circulars,G2G,Administrative,Internal,Internal Systems,Public Finance Management Act,Guidance to MDAs
TRE-PFM-003,National Treasury and Economic Planning,Public Finance Management,National Treasury,Exchequer Release Processing,G2G,Transactional,Internal,IFMIS,Public Finance Management Act,Funds release to MDAs
TRE-PFM-004,National Treasury and Economic Planning,Public Finance Management,National Treasury,Supplementary Budget Processing,G2G,Administrative,Internal,IFMIS,Public Finance Management Act,Mid-year adjustments
TRE-ACC-001,National Treasury and Economic Planning,Accounting Services,National Treasury,Accounting Officer Appointment,G2G,Administrative,Internal,Internal Systems,Public Finance Management Act,Designation of AOs
TRE-ACC-002,National Treasury and Economic Planning,Accounting Services,National Treasury,Financial Reporting Consolidation,G2G,Administrative,Internal,IFMIS,Public Finance Management Act,Whole-of-government reports
TRE-ACC-003,National Treasury and Economic Planning,Accounting Services,National Treasury,Annual Financial Statements Submission,G2G,Administrative,Internal,IFMIS,Public Finance Management Act,Statutory reporting
TRE-PROC-001,National Treasury and Economic Planning,Public Procurement Policy,Public Procurement Regulatory Authority,Procurement Policy Guidance,G2G,Informational,Online,PPRA Portal,Public Procurement and Asset Disposal Act,Regulatory oversight
TRE-PROC-002,National Treasury and Economic Planning,Public Procurement Policy,Public Procurement Regulatory Authority,Registration of Procuring Entities,G2G,Regulatory,Online,PPRA Portal,Public Procurement and Asset Disposal Act,Institutional registration
TRE-PROC-003,National Treasury and Economic Planning,Public Procurement Policy,Public Procurement Regulatory Authority,Procurement Compliance Monitoring,G2G,Regulatory,Internal,PPRA Systems,Public Procurement and Asset Disposal Act,Oversight function
TRE-DEBT-001,National Treasury and Economic Planning,Public Debt Management,National Treasury,Public Debt Issuance Management,G2G,Transactional,Internal,Debt Management Systems,Public Finance Management Act,Domestic and external debt
TRE-DEBT-002,National Treasury and Economic Planning,Public Debt Management,National Treasury,Debt Servicing and Repayment,G2G,Transactional,Internal,Debt Management Systems,Public Finance Management Act,Loan servicing
TRE-DEBT-003,National Treasury and Economic Planning,Public Debt Management,National Treasury,Debt Register Maintenance,G2G,Administrative,Internal,Internal Systems,Public Finance Management Act,National debt register
TRE-REV-001,National Treasury and Economic Planning,Revenue Administration,Kenya Revenue Authority,PIN Registration,C2G/B2G,Transactional,Online,iTax,Kenya Revenue Authority Act,Citizen and business-facing
TRE-REV-002,National Treasury and Economic Planning,Revenue Administration,Kenya Revenue Authority,Tax Return Filing,C2G/B2G,Transactional,Online,iTax,Income Tax Act,Recurring obligation
TRE-REV-003,National Treasury and Economic Planning,Revenue Administration,Kenya Revenue Authority,Tax Payment Processing,C2G/B2G,Transactional,Online,iTax,Tax Statutes,Linked to returns
TRE-REV-004,National Treasury and Economic Planning,Revenue Administration,Kenya Revenue Authority,Tax Compliance Certificates,B2G,Regulatory,Online,iTax,Tax Procedures Act,Used for procurement
TRE-PEN-001,National Treasury and Economic Planning,Pensions Administration,Pensions Department,Pension Processing for Retirees,C2G,Transactional,Physical/Internal,Pensions Systems,Pensions Act,Public officers
TRE-PEN-002,National Treasury and Economic Planning,Pensions Administration,Pensions Department,Gratuity Payment Processing,C2G,Transactional,Internal,Pensions Systems,Pensions Act,Retirement benefits
TRE-PEN-003,National Treasury and Economic Planning,Pensions Administration,Pensions Department,Pension Verification Exercises,C2G,Administrative,Physical,Pensions Offices,Pensions Act,Periodic validation
TRE-PLAN-001,National Treasury and Economic Planning,Economic Planning,State Department for Economic Planning,Medium Term Plan Preparation,G2G,Administrative,Internal,Planning Systems,State Corporations Act / Planning Mandate,National development planning
TRE-PLAN-002,National Treasury and Economic Planning,Economic Planning,State Department for Economic Planning,Public Investment Appraisal,G2G,Regulatory,Internal,Public Investment Systems,Public Finance Management Act,Project approvals
TRE-PLAN-003,National Treasury and Economic Planning,Economic Planning,State Department for Economic Planning,Monitoring and Evaluation Reporting,G2G,Administrative,Internal,M&E Systems,Executive Planning Mandate,Programme tracking
TRE-AID-001,National Treasury and Economic Planning,External Resources,National Treasury,Donor Funding Negotiation,G2G,Administrative,Internal,Internal Systems,Public Finance Management Act,Development partners
TRE-AID-002,National Treasury and Economic Planning,External Resources,National Treasury,Grant and Loan Agreement Registration,G2G,Regulatory,Internal,Debt & Aid Systems,Public Finance Management Act,External financing
TRE-AID-003,National Treasury and Economic Planning,External Resources,National Treasury,Aid Effectiveness Reporting,G2G,Informational,Internal,Aid Management Systems,Paris Declaration Commitments,Donor reporting
LND-ADM-001,Ministry of Lands Housing and Urban Development,Land Administration,Department of Lands,Land Title Search,C2G/B2G,Transactional,Online,eCitizen,Land Registration Act,Citizen and business-facing
LND-ADM-002,Ministry of Lands Housing and Urban Development,Land Administration,Department of Lands,Land Title Registration,C2G/B2G,Transactional,Online,eCitizen,Land Registration Act,Ownership establishment
LND-ADM-003,Ministry of Lands Housing and Urban Development,Land Administration,Department of Lands,Transfer of Land Ownership,C2G/B2G,Transactional,Online,eCitizen,Land Registration Act,Sale or transfer
LND-ADM-004,Ministry of Lands Housing and Urban Development,Land Administration,Department of Lands,Replacement of Lost Title Deed,C2G/B2G,Transactional,Online/eCitizen,eCitizen,Land Registration Act,Citizen-facing
LND-ADM-005,Ministry of Lands Housing and Urban Development,Land Administration,Department of Lands,Registration of Charges and Mortgages,B2G,Regulatory,Online,eCitizen,Land Act,Financial institutions
LND-SUR-001,Ministry of Lands Housing and Urban Development,Survey and Mapping,Survey of Kenya,Cadastral Survey Approval,B2G,Regulatory,Physical/Online,Survey Systems,Survey Act,Land subdivision
LND-SUR-002,Ministry of Lands Housing and Urban Development,Survey and Mapping,Survey of Kenya,Deed Plan Preparation,B2G,Transactional,Physical/Online,Survey Systems,Survey Act,Land registration support
LND-SUR-003,Ministry of Lands Housing and Urban Development,Survey and Mapping,Survey of Kenya,Topographical Mapping Services,G2G/B2G,Service,Physical/Online,Survey Systems,Survey Act,Maps and geospatial data
LND-PLN-001,Ministry of Lands Housing and Urban Development,Physical Planning,Physical Planning Directorate,Development Permission Application,C2G/B2G,Regulatory,County/National Interface,County Systems,Physical and Land Use Planning Act,Delegated to counties
LND-PLN-002,Ministry of Lands Housing and Urban Development,Physical Planning,Physical Planning Directorate,Change of User Approval,C2G/B2G,Regulatory,County/National Interface,County Systems,Physical and Land Use Planning Act,Land use change
LND-PLN-003,Ministry of Lands Housing and Urban Development,Physical Planning,Physical Planning Directorate,Subdivision Approval,C2G/B2G,Regulatory,County/National Interface,County Systems,Physical and Land Use Planning Act,Land subdivision
LND-VAL-001,Ministry of Lands Housing and Urban Development,Valuation Services,Government Valuer,Valuation for Stamp Duty,B2G,Regulatory,Physical/Online,Lands Systems,Stamp Duty Act,Property transactions
LND-VAL-002,Ministry of Lands Housing and Urban Development,Valuation Services,Government Valuer,Compulsory Acquisition Valuation,C2G/G2G,Administrative,Physical,Lands Systems,Land Act,Public interest acquisitions
LND-ADJ-001,Ministry of Lands Housing and Urban Development,Land Adjudication,Land Adjudication Department,Land Adjudication and Settlement,C2G,Programme,Physical,Field Operations,Land Adjudication Act,Customary land areas
LND-ADJ-002,Ministry of Lands Housing and Urban Development,Land Adjudication,Land Adjudication Department,Resolution of Land Adjudication Objections,C2G,Administrative,Physical,Adjudication Offices,Land Adjudication Act,Dispute resolution
HOU-AFF-001,Ministry of Lands Housing and Urban Development,Housing Programmes,Affordable Housing Programme,Affordable Housing Application,C2G,Programme,Online,Affordable Housing Portal,Affordable Housing Framework Act,Citizen-facing
HOU-AFF-002,Ministry of Lands Housing and Urban Development,Housing Programmes,Affordable Housing Programme,Allocation of Affordable Housing Units,C2G,Administrative,Online,Affordable Housing Portal,Affordable Housing Framework Act,Beneficiary selection
HOU-AFF-003,Ministry of Lands Housing and Urban Development,Housing Programmes,Affordable Housing Programme,Affordable Housing Savings Contributions,C2G,Transactional,Online,Integrated Payment Systems,Affordable Housing Framework Act,Linked to payroll
HOU-URB-001,Ministry of Lands Housing and Urban Development,Urban Development,State Department for Urban Development,Urban Renewal Project Enrollment,C2G,Programme,Physical/Online,Project Systems,Urban Areas and Cities Act,Project-based
HOU-URB-002,Ministry of Lands Housing and Urban Development,Urban Development,State Department for Urban Development,Slum Upgrading Programme Enrollment,C2G,Programme,Physical/Online,Programme Systems,Urban Areas and Cities Act,Informal settlements
HOU-BLD-001,Ministry of Lands Housing and Urban Development,Building Services,National Building Inspectorate,Building Compliance Inspection,C2G/B2G,Regulatory,Physical,Inspection Systems,National Building Inspectorate Act,Construction oversight
HOU-BLD-002,Ministry of Lands Housing and Urban Development,Building Services,National Building Inspectorate,Occupancy Certificate Issuance,C2G/B2G,Regulatory,Physical,Inspection Systems,Building Code,Completion certification
TRN-DRV-001,Ministry of Roads and Transport,Transport Services,National Transport and Safety Authority,Driving Licence Application,C2G,Transactional,Online,eCitizen,Traffic Act,Citizen-facing
TRN-DRV-002,Ministry of Roads and Transport,Transport Services,National Transport and Safety Authority,Driving Licence Renewal,C2G,Transactional,Online,eCitizen,Traffic Act,Citizen-facing
TRN-DRV-003,Ministry of Roads and Transport,Transport Services,National Transport and Safety Authority,Replacement of Lost Driving Licence,C2G,Transactional,Online,eCitizen,Traffic Act,Citizen-facing
TRN-DRV-004,Ministry of Roads and Transport,Transport Services,National Transport and Safety Authority,International Driving Permit Application,C2G,Transactional,Online,eCitizen,Traffic Act,Outbound travel
TRN-VEH-001,Ministry of Roads and Transport,Transport Services,National Transport and Safety Authority,Motor Vehicle Registration,C2G/B2G,Transactional,Online,eCitizen,Traffic Act,First registration
TRN-VEH-002,Ministry of Roads and Transport,Transport Services,National Transport and Safety Authority,Transfer of Motor Vehicle Ownership,C2G/B2G,Transactional,Online,eCitizen,Traffic Act,Sale or transfer
TRN-VEH-003,Ministry of Roads and Transport,Transport Services,National Transport and Safety Authority,Replacement of Logbook,C2G/B2G,Transactional,Online,eCitizen,Traffic Act,Lost or damaged logbook
TRN-VEH-004,Ministry of Roads and Transport,Transport Services,National Transport and Safety Authority,Vehicle Inspection Booking,C2G/B2G,Transactional,Online,eCitizen,Traffic Act,Compliance inspection
TRN-PSV-001,Ministry of Roads and Transport,Transport Services,National Transport and Safety Authority,PSV Licence Application,B2G,Regulatory,Online,eCitizen,Traffic Act,Commercial transport
TRN-PSV-002,Ministry of Roads and Transport,Transport Services,National Transport and Safety Authority,PSV Licence Renewal,B2G,Regulatory,Online,eCitizen,Traffic Act,Annual renewal
TRN-PSV-003,Ministry of Roads and Transport,Transport Services,National Transport and Safety Authority,PSV Route Approval,B2G,Regulatory,Physical/Online,NTSA Systems,Traffic Act,Route allocation
TRN-PSV-004,Ministry of Roads and Transport,Transport Services,National Transport and Safety Authority,PSV Operator Compliance Monitoring,B2G,Regulatory,Internal,NTSA Systems,Traffic Act,Ongoing oversight
TRN-DRV-005,Ministry of Roads and Transport,Transport Services,National Transport and Safety Authority,Driver Testing and Examination,C2G,Transactional,Physical/Online,NTSA Systems,Traffic Act,Test booking
TRN-DRV-006,Ministry of Roads and Transport,Transport Services,National Transport and Safety Authority,Professional Driving Instructor Licensing,B2G,Regulatory,Online,eCitizen,Traffic Act,Driving schools
TRN-RDS-001,Ministry of Roads and Transport,Roads Infrastructure,Kenya National Highways Authority,Road Use Permit,B2G,Regulatory,Online,KeNHA Portal,Kenya Roads Act,Abnormal loads
TRN-RDS-002,Ministry of Roads and Transport,Roads Infrastructure,Kenya National Highways Authority,Abnormal Load Movement Approval,B2G,Regulatory,Online,KeNHA Portal,Kenya Roads Act,Heavy transport
TRN-RDS-003,Ministry of Roads and Transport,Roads Infrastructure,Kenya Rural Roads Authority,Rural Roads Access Requests,G2G,Administrative,Internal,KeRRA Systems,Kenya Roads Act,Government coordination
TRN-RDS-004,Ministry of Roads and Transport,Roads Infrastructure,Kenya Urban Roads Authority,Urban Roads Access Requests,G2G,Administrative,Internal,KURA Systems,Kenya Roads Act,Government coordination
TRN-MAR-001,Ministry of Roads and Transport,Maritime Transport,Kenya Maritime Authority,Seafarer Certification,B2G,Regulatory,Online,KMA Portal,Merchant Shipping Act,Maritime professionals
TRN-MAR-002,Ministry of Roads and Transport,Maritime Transport,Kenya Maritime Authority,Ship Registration,B2G,Regulatory,Online,KMA Portal,Merchant Shipping Act,Vessel registration
TRN-MAR-003,Ministry of Roads and Transport,Maritime Transport,Kenya Maritime Authority,Maritime Safety Compliance,B2G,Regulatory,Internal,KMA Systems,Merchant Shipping Act,Port state control
TRN-AVI-001,Ministry of Roads and Transport,Aviation Transport,Kenya Civil Aviation Authority,Pilot Licensing,B2G,Regulatory,Online,KCAA Portal,Civil Aviation Act,Aviation professionals
TRN-AVI-002,Ministry of Roads and Transport,Aviation Transport,Kenya Civil Aviation Authority,Aircraft Registration,B2G,Regulatory,Online,KCAA Portal,Civil Aviation Act,Aviation assets
TRN-AVI-003,Ministry of Roads and Transport,Aviation Transport,Kenya Civil Aviation Authority,Aviation Safety Certification,B2G,Regulatory,Internal,KCAA Systems,Civil Aviation Act,Operator oversight
EDU-BAS-001,Ministry of Education,Basic Education,State Department for Basic Education,Registration of Basic Education Institutions,B2G,Regulatory,Online/Physical,MoE Systems,Basic Education Act,Public and private schools
EDU-BAS-002,Ministry of Education,Basic Education,State Department for Basic Education,Approval of New Schools,B2G,Regulatory,Physical/Online,MoE Systems,Basic Education Act,Institution licensing
EDU-BAS-003,Ministry of Education,Basic Education,State Department for Basic Education,Student Transfer Processing,C2G,Transactional,Online,MoE Portal,Basic Education Act,Inter-school transfers
EDU-BAS-004,Ministry of Education,Basic Education,State Department for Basic Education,School Capitation Disbursement,G2G,Transactional,Internal,IFMIS,Basic Education Act,Public schools funding
EDU-BAS-005,Ministry of Education,Basic Education,State Department for Basic Education,Textbook Approval and Listing,B2G,Regulatory,Internal,MoE Systems,Basic Education Act,Publishers
EDU-TSC-001,Ministry of Education,Teacher Management,Teachers Service Commission,Teacher Registration,B2G,Regulatory,Online,TSC Portal,Teachers Service Commission Act,Professional registration
EDU-TSC-002,Ministry of Education,Teacher Management,Teachers Service Commission,Teacher Transfer Application,C2G,Transactional,Online,TSC Portal,Teachers Service Commission Act,Employment-related
EDU-TSC-003,Ministry of Education,Teacher Management,Teachers Service Commission,Teacher Promotion Processing,G2G,Administrative,Internal,TSC Systems,Teachers Service Commission Act,Career progression
EDU-TSC-004,Ministry of Education,Teacher Management,Teachers Service Commission,Disciplinary Case Management,G2G,Administrative,Internal,TSC Systems,Teachers Service Commission Act,Professional discipline
EDU-HE-001,Ministry of Education,Higher Education,Commission for University Education,University Accreditation,B2G,Regulatory,Online,CUE Portal,Universities Act,Institutional accreditation
EDU-HE-002,Ministry of Education,Higher Education,Commission for University Education,Approval of Academic Programmes,B2G,Regulatory,Online,CUE Portal,Universities Act,Programme accreditation
EDU-HE-003,Ministry of Education,Higher Education,Commission for University Education,Foreign Qualifications Recognition,C2G/B2G,Regulatory,Online,CUE Portal,Universities Act,Qualification validation
EDU-HELB-001,Ministry of Education,Higher Education,Higher Education Loans Board,Student Loan Application,C2G,Transactional,Online,HELB Portal,HELB Act,Student financing
EDU-HELB-002,Ministry of Education,Higher Education,Higher Education Loans Board,Student Loan Disbursement,C2G,Transactional,Internal,HELB Systems,HELB Act,Funding release
EDU-HELB-003,Ministry of Education,Higher Education,Higher Education Loans Board,Loan Repayment Processing,C2G,Transactional,Online,HELB Portal,HELB Act,Post-study obligation
EDU-HELB-004,Ministry of Education,Higher Education,Higher Education Loans Board,Loan Compliance Clearance,C2G/B2G,Regulatory,Online,HELB Portal,HELB Act,Required for employment
EDU-TVET-001,Ministry of Education,TVET Education,TVET Authority,Registration of TVET Institutions,B2G,Regulatory,Online,TVETA Portal,TVET Act,Technical institutions
EDU-TVET-002,Ministry of Education,TVET Education,TVET Authority,Accreditation of TVET Programmes,B2G,Regulatory,Online,TVETA Portal,TVET Act,Programme approval
EDU-TVET-003,Ministry of Education,TVET Education,TVET Authority,Inspection and Compliance Monitoring,B2G,Regulatory,Internal,TVETA Systems,TVET Act,Quality assurance
EDU-EXM-001,Ministry of Education,Examinations,Kenya National Examinations Council,Registration for National Examinations,C2G,Transactional,Online,KNEC Portal,KNEC Act,Candidates and schools
EDU-EXM-002,Ministry of Education,Examinations,Kenya National Examinations Council,Release of Examination Results,C2G,Informational,Online,KNEC Portal,KNEC Act,Results access
EDU-EXM-003,Ministry of Education,Examinations,Kenya National Examinations Council,Certification of Examination Results,C2G,Transactional,Online,KNEC Portal,KNEC Act,Certificates
HLT-PUB-001,Ministry of Health,Public Health,Directorate of Public Health,Public Health Inspection Services,C2G/B2G,Regulatory,Physical,County Health Offices,Public Health Act,Premises inspection
HLT-PUB-002,Ministry of Health,Public Health,Directorate of Public Health,Food Handler Certification,C2G,Transactional,Physical/Online,County Systems,Public Health Act,Occupational requirement
HLT-PUB-003,Ministry of Health,Public Health,Directorate of Public Health,Disease Surveillance and Notification,G2G,Administrative,Internal,DHIS2,Public Health Act,Notifiable diseases
HLT-PUB-004,Ministry of Health,Public Health,Directorate of Public Health,Environmental Health Licensing,B2G,Regulatory,Physical/Online,County Systems,Public Health Act,Sanitation-related
HLT-FAC-001,Ministry of Health,Medical Services,Health Facilities Regulatory Directorate,Health Facility Licensing,B2G,Regulatory,Online,KMHFR Portal,Health Act,Public and private facilities
HLT-FAC-002,Ministry of Health,Medical Services,Health Facilities Regulatory Directorate,Facility Renewal and Compliance Inspection,B2G,Regulatory,Physical/Online,KMHFR Portal,Health Act,Annual renewal
HLT-FAC-003,Ministry of Health,Medical Services,Health Facilities Regulatory Directorate,Facility Classification and Registration,G2G,Administrative,Online,KMHFR Portal,Health Act,National registry
HLT-PRO-001,Ministry of Health,Health Professions,Kenya Medical Practitioners and Dentists Council,Doctor and Dentist Registration,B2G,Regulatory,Online,KMPDC Portal,Medical Practitioners and Dentists Act,Professional licensing
HLT-PRO-002,Ministry of Health,Health Professions,Kenya Medical Practitioners and Dentists Council,Internship Placement and Posting,C2G,Transactional,Online,KMPDC Portal,Medical Practitioners and Dentists Act,Graduate doctors
HLT-PRO-003,Ministry of Health,Health Professions,Nursing Council of Kenya,Nurse Registration and Licensing,B2G,Regulatory,Online,NCK Portal,Nurses Act,Nursing professionals
HLT-PRO-004,Ministry of Health,Health Professions,Clinical Officers Council,Clinical Officer Registration,B2G,Regulatory,Online,COC Portal,Clinical Officers Act,Clinical professionals
HLT-PRO-005,Ministry of Health,Health Professions,Pharmacy and Poisons Board,Pharmacy Premises Licensing,B2G,Regulatory,Online,PPB Portal,Pharmacy and Poisons Act,Pharmacies and wholesalers
HLT-PRO-006,Ministry of Health,Health Professions,Pharmacy and Poisons Board,Pharmacist Registration,B2G,Regulatory,Online,PPB Portal,Pharmacy and Poisons Act,Professional licensing
HLT-INS-001,Ministry of Health,Health Financing,National Health Insurance Fund,NHIF Member Registration,C2G,Transactional,Online,NHIF Portal,NHIF Act,Insurance enrolment
HLT-INS-002,Ministry of Health,Health Financing,National Health Insurance Fund,NHIF Contribution Management,C2G,Transactional,Online,NHIF Portal,NHIF Act,Premium payments
HLT-INS-003,Ministry of Health,Health Financing,National Health Insurance Fund,Claims Processing and Reimbursement,B2G,Transactional,Internal,NHIF Systems,NHIF Act,Facility payments
HLT-PGM-001,Ministry of Health,Public Health Programmes,National AIDS and STI Control Programme,HIV Programme Enrollment,C2G,Programme,Physical/Facility Systems,Programme Systems,Health Act,Programme-based
HLT-PGM-002,Ministry of Health,Public Health Programmes,National Vaccination Programme,Immunization Services,C2G,Programme,Physical/Facility Systems,Facility Systems,Health Act,Routine immunization
HLT-PGM-003,Ministry of Health,Public Health Programmes,National TB Programme,TB Treatment and Follow-up,C2G,Programme,Physical/Facility Systems,Programme Systems,Health Act,Disease-specific
HLT-RES-001,Ministry of Health,Health Research and Policy,Ministry of Health,Health Research Approval and Oversight,B2G,Regulatory,Physical/Online,MoH Systems,Science Technology and Innovation Act,Ethical clearance
HLT-DIG-001,Ministry of Health,Digital Health,Ministry of Health,National Health Information Exchange,G2G,Administrative,Internal,KHIE Platform,Health Act,Interoperability layer
LAB-LAB-001,Ministry of Labour and Social Protection,Labour Services,State Department for Labour,Employment Contract Registration,B2G,Regulatory,Online,Labour Systems,Employment Act,Formal employment
LAB-LAB-002,Ministry of Labour and Social Protection,Labour Services,State Department for Labour,Workplace Inspection and Compliance,B2G,Regulatory,Physical,Labour Offices,Occupational Safety and Health Act,OSH compliance
LAB-LAB-003,Ministry of Labour and Social Protection,Labour Services,State Department for Labour,Labour Dispute Conciliation,C2G/B2G,Administrative,Physical,Labour Offices,Labour Relations Act,Dispute resolution
LAB-LAB-004,Ministry of Labour and Social Protection,Labour Services,State Department for Labour,Trade Union Registration,B2G,Regulatory,Physical/Online,Registrar Systems,Labour Relations Act,Union governance
LAB-LAB-005,Ministry of Labour and Social Protection,Labour Services,State Department for Labour,Collective Bargaining Agreement Registration,B2G,Regulatory,Physical/Online,Registrar Systems,Labour Relations Act,CBA filing
LAB-EMP-001,Ministry of Labour and Social Protection,Employment Services,National Employment Authority,Job Seeker Registration,C2G,Transactional,Online,NEA Portal,National Employment Authority Act,Employment matching
LAB-EMP-002,Ministry of Labour and Social Protection,Employment Services,National Employment Authority,Employer Registration,B2G,Regulatory,Online,NEA Portal,National Employment Authority Act,Vacancy posting
LAB-EMP-003,Ministry of Labour and Social Protection,Employment Services,National Employment Authority,Vacancy Posting and Matching,B2G,Service,Online,NEA Portal,National Employment Authority Act,Labour market services
LAB-EMP-004,Ministry of Labour and Social Protection,Employment Services,National Employment Authority,Overseas Employment Placement Approval,B2G,Regulatory,Online,NEA Portal,National Employment Authority Act,Labour migration
LAB-SOC-001,Ministry of Labour and Social Protection,Social Protection,State Department for Social Protection,Registration for Cash Transfer Programmes,C2G,Programme,Physical/Huduma,Huduma,Social Assistance Act,Vulnerable households
LAB-SOC-002,Ministry of Labour and Social Protection,Social Protection,State Department for Social Protection,Cash Transfer Disbursement,C2G,Transactional,Internal,Payment Systems,Social Assistance Act,Programme payments
LAB-SOC-003,Ministry of Labour and Social Protection,Social Protection,State Department for Social Protection,Social Registry Management,G2G,Administrative,Internal,Social Registry,Social Assistance Act,Unified registry
LAB-SOC-004,Ministry of Labour and Social Protection,Social Protection,State Department for Social Protection,Graduation and Exit Assessment,C2G,Administrative,Physical,Programme Systems,Social Assistance Act,Programme lifecycle
LAB-DIS-001,Ministry of Labour and Social Protection,Disability Services,National Council for Persons with Disabilities,Registration of Persons with Disabilities,C2G,Transactional,Physical/Online,NCPWD Systems,Persons with Disabilities Act,Eligibility-based
LAB-DIS-002,Ministry of Labour and Social Protection,Disability Services,National Council for Persons with Disabilities,Disability Grants and Assistive Devices,C2G,Programme,Programme-based,NCPWD Systems,Persons with Disabilities Act,Support services
LAB-DIS-003,Ministry of Labour and Social Protection,Disability Services,National Council for Persons with Disabilities,Tax Exemption Processing for PWDs,C2G,Regulatory,Online/Physical,NCPWD/KRA,Persons with Disabilities Act,Linked service
LAB-SEC-001,Ministry of Labour and Social Protection,Social Security,National Social Security Fund,NSSF Member Registration,C2G/B2G,Transactional,Online,NSSF Portal,NSSF Act,Pension enrolment
LAB-SEC-002,Ministry of Labour and Social Protection,Social Security,National Social Security Fund,NSSF Contribution Management,C2G/B2G,Transactional,Online,NSSF Portal,NSSF Act,Monthly contributions
LAB-SEC-003,Ministry of Labour and Social Protection,Social Security,National Social Security Fund,Benefits Claims Processing,C2G,Transactional,Internal,NSSF Systems,NSSF Act,Retirement benefits
LAB-OSH-001,Ministry of Labour and Social Protection,Occupational Safety and Health,Directorate of OSH,Workplace Registration,B2G,Regulatory,Online,OSH Systems,Occupational Safety and Health Act,Employer obligation
LAB-OSH-002,Ministry of Labour and Social Protection,Occupational Safety and Health,Directorate of OSH,OSH Training and Certification,B2G,Regulatory,Online,OSH Systems,Occupational Safety and Health Act,Safety officers
LAB-OSH-003,Ministry of Labour and Social Protection,Occupational Safety and Health,Directorate of OSH,Accident Reporting and Investigation,G2G/B2G,Administrative,Physical/Online,OSH Systems,Occupational Safety and Health Act,Incident management
TRD-BUS-001,Ministry of Trade Industry and Investment,Business Registration,Registrar of Companies,Business Name Registration,B2G,Transactional,Online,eCitizen,Companies Act,Business formation
TRD-BUS-002,Ministry of Trade Industry and Investment,Business Registration,Registrar of Companies,Company Incorporation,B2G,Transactional,Online,eCitizen,Companies Act,Private and public companies
TRD-BUS-003,Ministry of Trade Industry and Investment,Business Registration,Registrar of Companies,Annual Returns Filing,B2G,Regulatory,Online,eCitizen,Companies Act,Statutory compliance
TRD-BUS-004,Ministry of Trade Industry and Investment,Business Registration,Registrar of Companies,Company Directorship Changes,B2G,Regulatory,Online,eCitizen,Companies Act,Corporate governance
TRD-BUS-005,Ministry of Trade Industry and Investment,Business Registration,Registrar of Companies,Company Winding Up and Deregistration,B2G,Regulatory,Online/Physical,eCitizen,Companies Act,Company closure
TRD-IND-001,Ministry of Trade Industry and Investment,Industrial Development,State Department for Industry,Industrial Licensing and Permits,B2G,Regulatory,Online,Industry Systems,Industrial Licensing Act,Manufacturing
TRD-IND-002,Ministry of Trade Industry and Investment,Industrial Development,State Department for Industry,Special Economic Zone Licensing,B2G,Regulatory,Online,SEZ Portal,Special Economic Zones Act,SEZ operators
TRD-IND-003,Ministry of Trade Industry and Investment,Industrial Development,Export Processing Zones Authority,EPZ Enterprise Licensing,B2G,Regulatory,Online,EPZA Portal,Export Processing Zones Act,Export manufacturers
TRD-INV-001,Ministry of Trade Industry and Investment,Investment Promotion,Kenya Investment Authority,Investment Registration and Facilitation,B2G,Service,Online,KenInvest Portal,Investment Promotion Act,Local and foreign investors
TRD-INV-002,Ministry of Trade Industry and Investment,Investment Promotion,Kenya Investment Authority,Investment Incentives Advisory,B2G,Informational,Online,KenInvest Portal,Investment Promotion Act,Investor support
TRD-TRD-001,Ministry of Trade Industry and Investment,Trade Development,State Department for Trade,Import and Export Licensing,B2G,Regulatory,Online,Trade Systems,Trade Licensing Act,Cross-border trade
TRD-TRD-002,Ministry of Trade Industry and Investment,Trade Development,State Department for Trade,Issuance of Certificates of Origin,B2G,Regulatory,Online,Trade Systems,Trade Licensing Act,Export documentation
TRD-TRD-003,Ministry of Trade Industry and Investment,Trade Development,State Department for Trade,Trade Remedies and Safeguards Administration,B2G,Regulatory,Internal,Trade Systems,Trade Remedies Act,Anti-dumping
TRD-STD-001,Ministry of Trade Industry and Investment,Standards and Quality,Kenya Bureau of Standards,Product Standards Certification,B2G,Regulatory,Online,KEBS Portal,Standards Act,Quality assurance
TRD-STD-002,Ministry of Trade Industry and Investment,Standards and Quality,Kenya Bureau of Standards,Import Standardization Mark Verification,B2G,Regulatory,Online,KEBS Portal,Standards Act,Import compliance
TRD-STD-003,Ministry of Trade Industry and Investment,Standards and Quality,Kenya Bureau of Standards,Market Surveillance and Enforcement,B2G,Regulatory,Physical,KEBS Systems,Standards Act,Consumer protection
TRD-CMP-001,Ministry of Trade Industry and Investment,Competition Policy,Competition Authority of Kenya,Mergers and Acquisitions Approval,B2G,Regulatory,Online,CAK Portal,Competition Act,Market regulation
TRD-CMP-002,Ministry of Trade Industry and Investment,Competition Policy,Competition Authority of Kenya,Restrictive Trade Practices Investigation,B2G,Regulatory,Internal,CAK Systems,Competition Act,Competition enforcement
TRD-CMP-003,Ministry of Trade Industry and Investment,Competition Policy,Competition Authority of Kenya,Consumer Protection Complaints Handling,C2G,Service,Online/Physical,CAK Portal,Competition Act,Consumer rights
TRD-COP-001,Ministry of Trade Industry and Investment,Cooperatives Development,State Department for Cooperatives,Cooperative Society Registration,C2G/B2G,Regulatory,Online,Cooperatives Portal,Cooperative Societies Act,Member-based entities
TRD-COP-002,Ministry of Trade Industry and Investment,Cooperatives Development,State Department for Cooperatives,Audit and Inspection of Cooperatives,G2G,Regulatory,Physical,Cooperatives Systems,Cooperative Societies Act,Governance oversight
TRD-COP-003,Ministry of Trade Industry and Investment,Cooperatives Development,State Department for Cooperatives,Dispute Resolution for Cooperatives,C2G/B2G,Administrative,Physical,Cooperatives Tribunal,Cooperative Societies Act,Member disputes
ENG-REG-001,Ministry of Energy and Petroleum,Energy Regulation,Energy and Petroleum Regulatory Authority,Energy Generation Licensing,B2G,Regulatory,Online,EPRA Portal,Energy Act,Power producers
ENG-REG-002,Ministry of Energy and Petroleum,Energy Regulation,Energy and Petroleum Regulatory Authority,Electricity Distribution Licensing,B2G,Regulatory,Online,EPRA Portal,Energy Act,Utilities
ENG-REG-003,Ministry of Energy and Petroleum,Energy Regulation,Energy and Petroleum Regulatory Authority,Petroleum Import and Export Licensing,B2G,Regulatory,Online,EPRA Portal,Energy Act,Oil marketers
ENG-REG-004,Ministry of Energy and Petroleum,Energy Regulation,Energy and Petroleum Regulatory Authority,Fuel Retail Site Licensing,B2G,Regulatory,Online,EPRA Portal,Energy Act,Service stations
ENG-REG-005,Ministry of Energy and Petroleum,Energy Regulation,Energy and Petroleum Regulatory Authority,Energy Tariff Review and Approval,B2G,Regulatory,Internal,EPRA Systems,Energy Act,Tariff setting
ENG-ELC-001,Ministry of Energy and Petroleum,Electricity Services,Kenya Power and Lighting Company,Electricity Connection Application,C2G/B2G,Transactional,Online,Utility Portal,Energy Act,New connections
ENG-ELC-002,Ministry of Energy and Petroleum,Electricity Services,Kenya Power and Lighting Company,Electricity Meter Replacement,C2G/B2G,Transactional,Online,Utility Portal,Energy Act,Meter services
ENG-ELC-003,Ministry of Energy and Petroleum,Electricity Services,Kenya Power and Lighting Company,Electricity Billing and Payments,C2G/B2G,Transactional,Online,Utility Portal,Energy Act,Recurring service
ENG-ELC-004,Ministry of Energy and Petroleum,Electricity Services,Kenya Power and Lighting Company,Fault Reporting and Service Requests,C2G,Service,Online/Call Center,Utility Systems,Energy Act,Customer support
ENG-REN-001,Ministry of Energy and Petroleum,Renewable Energy,State Department for Energy,Renewable Energy Project Approval,B2G,Regulatory,Online,Energy Systems,Energy Act,Solar wind geothermal
ENG-REN-002,Ministry of Energy and Petroleum,Renewable Energy,State Department for Energy,Mini-Grid and Off-Grid Licensing,B2G,Regulatory,Online,Energy Systems,Energy Act,Rural electrification
ENG-REN-003,Ministry of Energy and Petroleum,Renewable Energy,Rural Electrification and Renewable Energy Corporation,Rural Electrification Requests,C2G,Programme,Physical/Online,REREC Systems,Energy Act,Rural areas
ENG-PET-001,Ministry of Energy and Petroleum,Petroleum Services,National Oil Corporation,Strategic Fuel Storage Management,G2G,Administrative,Internal,NOCK Systems,Energy Act,National reserves
ENG-PET-002,Ministry of Energy and Petroleum,Petroleum Services,State Department for Petroleum,Petroleum Exploration Licensing,B2G,Regulatory,Physical/Online,Petroleum Systems,Petroleum Act,Upstream activities
ENG-PET-003,Ministry of Energy and Petroleum,Petroleum Services,State Department for Petroleum,Production Sharing Contract Management,G2G/B2G,Administrative,Internal,Petroleum Systems,Petroleum Act,Upstream governance
ENG-EFF-001,Ministry of Energy and Petroleum,Energy Efficiency,State Department for Energy,Energy Audit and Efficiency Certification,B2G,Regulatory,Online,Energy Systems,Energy Act,Large consumers
ENG-EFF-002,Ministry of Energy and Petroleum,Energy Efficiency,State Department for Energy,Appliance Energy Performance Labelling,B2G,Regulatory,Online,Energy Systems,Energy Act,Standards compliance
ENV-EIA-001,Ministry of Environment and Forestry,Environmental Management,National Environment Management Authority,Environmental Impact Assessment Licence,B2G,Regulatory,Online,NEMA Portal,Environmental Management and Coordination Act,Project approval
ENV-EIA-002,Ministry of Environment and Forestry,Environmental Management,National Environment Management Authority,Environmental Audit Submission,B2G,Regulatory,Online,NEMA Portal,Environmental Management and Coordination Act,Post-licensing compliance
ENV-EIA-003,Ministry of Environment and Forestry,Environmental Management,National Environment Management Authority,Waste Transport and Disposal Licensing,B2G,Regulatory,Online,NEMA Portal,Environmental Management and Coordination Act,Waste handlers
ENV-EIA-004,Ministry of Environment and Forestry,Environmental Management,National Environment Management Authority,Air and Water Quality Permits,B2G,Regulatory,Online,NEMA Portal,Environmental Management and Coordination Act,Pollution control
ENV-EIA-005,Ministry of Environment and Forestry,Environmental Management,National Environment Management Authority,Environmental Complaints and Enforcement,C2G,Service,Online/Physical,NEMA Systems,Environmental Management and Coordination Act,Public reporting
ENV-FOR-001,Ministry of Environment and Forestry,Forestry Services,Kenya Forest Service,Forest Utilization Permit,B2G,Regulatory,Online,KFS Portal,Forest Conservation and Management Act,Timber and forest products
ENV-FOR-002,Ministry of Environment and Forestry,Forestry Services,Kenya Forest Service,Community Forest Association Registration,C2G/B2G,Regulatory,Physical/Online,KFS Systems,Forest Conservation and Management Act,Community forestry
ENV-FOR-003,Ministry of Environment and Forestry,Forestry Services,Kenya Forest Service,Forest Plantation Establishment Approval,B2G,Regulatory,Physical/Online,KFS Systems,Forest Conservation and Management Act,Commercial forestry
ENV-FOR-004,Ministry of Environment and Forestry,Forestry Services,Kenya Forest Service,Forest Offence Prosecution Support,G2G,Administrative,Internal,KFS Systems,Forest Conservation and Management Act,Law enforcement
ENV-CLI-001,Ministry of Environment and Forestry,Climate Change,State Department for Environment and Climate,Climate Change Project Registration,B2G,Regulatory,Online,Climate Registry,Climate Change Act,Mitigation and adaptation
ENV-CLI-002,Ministry of Environment and Forestry,Climate Change,State Department for Environment and Climate,Carbon Market Project Approval,B2G,Regulatory,Online,Climate Registry,Climate Change Act,Carbon credits
ENV-CLI-003,Ministry of Environment and Forestry,Climate Change,State Department for Environment and Climate,National Climate Reporting,G2G,Administrative,Internal,Climate Systems,Climate Change Act,National reporting
ENV-WLD-001,Ministry of Environment and Forestry,Wildlife Conservation,Kenya Wildlife Service,Wildlife Research Permit,B2G,Regulatory,Online,KWS Portal,Wildlife Conservation and Management Act,Research activities
ENV-WLD-002,Ministry of Environment and Forestry,Wildlife Conservation,Kenya Wildlife Service,Human-Wildlife Conflict Compensation,C2G,Programme,Physical/Online,KWS Systems,Wildlife Conservation and Management Act,Claims-based
ENV-WLD-003,Ministry of Environment and Forestry,Wildlife Conservation,Kenya Wildlife Service,Wildlife Translocation Approval,G2G/B2G,Regulatory,Internal,KWS Systems,Wildlife Conservation and Management Act,Conservation operations
ENV-CON-001,Ministry of Environment and Forestry,Environmental Conservation,State Department for Environment,Protected Area Declaration,G2G,Administrative,Internal,Government Systems,Environmental Management and Coordination Act,Policy action
ENV-CON-002,Ministry of Environment and Forestry,Environmental Conservation,State Department for Environment,Environmental Education and Awareness,C2G,Service,Programme-based,Outreach Programmes,Environmental Management and Coordination Act,Public awareness
TOU-TOU-001,Ministry of Tourism Wildlife and Heritage,Tourism Development,State Department for Tourism,Registration of Tourism Establishments,B2G,Regulatory,Online,Tourism Portal,Tourism Act,Hotels lodges camps
TOU-TOU-002,Ministry of Tourism Wildlife and Heritage,Tourism Development,State Department for Tourism,Tour Operator and Travel Agent Licensing,B2G,Regulatory,Online,Tourism Portal,Tourism Act,Tourism businesses
TOU-TOU-003,Ministry of Tourism Wildlife and Heritage,Tourism Development,State Department for Tourism,Hotel and Accommodation Grading,B2G,Regulatory,Physical/Online,Tourism Systems,Tourism Act,Quality standards
TOU-TOU-004,Ministry of Tourism Wildlife and Heritage,Tourism Development,State Department for Tourism,Tourism Event Approval and Endorsement,C2G/B2G,Administrative,Online,Tourism Systems,Tourism Act,Event-based
TOU-KTB-001,Ministry of Tourism Wildlife and Heritage,Tourism Promotion,Kenya Tourism Board,Tourism Marketing Support Services,B2G,Service,Programme-based,KTB Systems,Tourism Act,Marketing campaigns
TOU-KTB-002,Ministry of Tourism Wildlife and Heritage,Tourism Promotion,Kenya Tourism Board,Tourism Research and Statistics Publication,G2G,Informational,Online,KTB Website,Tourism Act,Industry data
TOU-KWS-001,Ministry of Tourism Wildlife and Heritage,Wildlife Services,Kenya Wildlife Service,National Park Entry Permits,C2G,Transactional,Online,KWS Portal,Wildlife Conservation and Management Act,Park access
TOU-KWS-002,Ministry of Tourism Wildlife and Heritage,Wildlife Services,Kenya Wildlife Service,Special Park Activity Permits,B2G,Regulatory,Online,KWS Portal,Wildlife Conservation and Management Act,Filming research events
TOU-KWS-003,Ministry of Tourism Wildlife and Heritage,Wildlife Services,Kenya Wildlife Service,Wildlife Research and Filming Permits,B2G,Regulatory,Online,KWS Portal,Wildlife Conservation and Management Act,Research filming
TOU-HER-001,Ministry of Tourism Wildlife and Heritage,Heritage and Culture,National Museums of Kenya,Heritage Site Access Permits,C2G,Transactional,Physical/Online,NMK Systems,National Museums and Heritage Act,Museums sites
TOU-HER-002,Ministry of Tourism Wildlife and Heritage,Heritage and Culture,National Museums of Kenya,Archaeological Research Permits,B2G,Regulatory,Physical/Online,NMK Systems,National Museums and Heritage Act,Research activities
TOU-HER-003,Ministry of Tourism Wildlife and Heritage,Heritage and Culture,National Museums of Kenya,Export Permits for Cultural Artefacts,B2G,Regulatory,Physical/Online,NMK Systems,National Museums and Heritage Act,Cultural property
TOU-CUL-001,Ministry of Tourism Wildlife and Heritage,Culture and Creative Economy,State Department for Culture,Registration of Cultural Groups,C2G/B2G,Regulatory,Physical/Online,Culture Systems,Culture Act,Cultural associations
TOU-CUL-002,Ministry of Tourism Wildlife and Heritage,Culture and Creative Economy,State Department for Culture,Cultural Grants and Sponsorship Programmes,C2G/B2G,Programme,Programme-based,Culture Systems,Culture Act,Creative sector
TOU-CUL-003,Ministry of Tourism Wildlife and Heritage,Culture and Creative Economy,State Department for Culture,Protection of Intangible Cultural Heritage,G2G,Administrative,Internal,Culture Systems,UNESCO Conventions,Heritage safeguarding
ICT-DIG-001,Ministry of ICT Innovation and Digital Economy,Digital Government,State Department for ICT,eCitizen Account Registration,C2G,Transactional,Online,eCitizen,eCitizen Legal Framework,Core digital ID for services
ICT-DIG-002,Ministry of ICT Innovation and Digital Economy,Digital Government,State Department for ICT,Government Digital Service Onboarding,G2G,Administrative,Internal,Digital Government Systems,Executive Order on Digital Government,MDAs onboarding
ICT-DIG-003,Ministry of ICT Innovation and Digital Economy,Digital Government,State Department for ICT,Digital Service Standards Compliance,G2G,Regulatory,Internal,Digital Government Systems,ICT Policy and Standards,Whole-of-government
ICT-COM-001,Ministry of ICT Innovation and Digital Economy,Communications Regulation,Communications Authority of Kenya,Telecommunications Operator Licensing,B2G,Regulatory,Online,CA Portal,Kenya Information and Communications Act,Telecom operators
ICT-COM-002,Ministry of ICT Innovation and Digital Economy,Communications Regulation,Communications Authority of Kenya,Radio Frequency Spectrum Assignment,B2G,Regulatory,Online,CA Portal,Kenya Information and Communications Act,Spectrum management
ICT-COM-003,Ministry of ICT Innovation and Digital Economy,Communications Regulation,Communications Authority of Kenya,Broadcasting Services Licensing,B2G,Regulatory,Online,CA Portal,Kenya Information and Communications Act,TV radio broadcasters
ICT-COM-004,Ministry of ICT Innovation and Digital Economy,Communications Regulation,Communications Authority of Kenya,Postal and Courier Licensing,B2G,Regulatory,Online,CA Portal,Kenya Information and Communications Act,Postal operators
ICT-COM-005,Ministry of ICT Innovation and Digital Economy,Communications Regulation,Communications Authority of Kenya,ICT Equipment Type Approval,B2G,Regulatory,Online,CA Portal,Kenya Information and Communications Act,Device compliance
ICT-DAT-001,Ministry of ICT Innovation and Digital Economy,Data Protection,Office of the Data Protection Commissioner,Data Controller and Processor Registration,B2G,Regulatory,Online,ODPC Portal,Data Protection Act,Privacy compliance
ICT-DAT-002,Ministry of ICT Innovation and Digital Economy,Data Protection,Office of the Data Protection Commissioner,Data Protection Impact Assessment Review,B2G,Regulatory,Online,ODPC Portal,Data Protection Act,High-risk processing
ICT-DAT-003,Ministry of ICT Innovation and Digital Economy,Data Protection,Office of the Data Protection Commissioner,Data Subject Complaints Handling,C2G,Service,Online/Physical,ODPC Systems,Data Protection Act,Rights enforcement
ICT-INO-001,Ministry of ICT Innovation and Digital Economy,Innovation and Startups,State Department for Innovation,Startup Registration and Recognition,B2G,Service,Online,Startup Portal,Startup Bill/Policy,Innovation ecosystem
ICT-INO-002,Ministry of ICT Innovation and Digital Economy,Innovation and Startups,State Department for Innovation,Innovation Grants and Funding Programmes,C2G/B2G,Programme,Programme-based,Innovation Systems,Innovation Policy,Entrepreneurs
ICT-INO-003,Ministry of ICT Innovation and Digital Economy,Innovation and Startups,State Department for Innovation,Technology Hubs Accreditation,B2G,Regulatory,Online,Innovation Systems,Innovation Policy,Incubators hubs
ICT-CYB-001,Ministry of ICT Innovation and Digital Economy,Cybersecurity,National KE-CIRT/CC,Incident Reporting and Response Coordination,G2G/B2G,Administrative,Online,KE-CIRT Systems,Kenya Information and Communications Act,Cyber incidents
ICT-CYB-002,Ministry of ICT Innovation and Digital Economy,Cybersecurity,National KE-CIRT/CC,Critical Information Infrastructure Protection,G2G,Regulatory,Internal,KE-CIRT Systems,National Cybersecurity Strategy,National assets
AGR-CROP-001,Ministry of Agriculture and Livestock Development,Crop Development,State Department for Crop Development,Farmer Registration and Profiling,C2G,Programme,Online/Physical,Farmer Registry,Agriculture Act,Foundation registry
AGR-CROP-002,Ministry of Agriculture and Livestock Development,Crop Development,State Department for Crop Development,Farm Input Subsidy Enrollment,C2G,Programme,Online,Subsidy Systems,Agriculture Act,Seeds fertilizer
AGR-CROP-003,Ministry of Agriculture and Livestock Development,Crop Development,State Department for Crop Development,Crop Production Licensing,B2G,Regulatory,Physical/Online,Agriculture Systems,Agriculture Act,Commercial farming
AGR-CROP-004,Ministry of Agriculture and Livestock Development,Crop Development,State Department for Crop Development,Crop Pest and Disease Control Services,C2G/B2G,Service,Physical,Extension Services,Agriculture Act,Extension support
AGR-LIV-001,Ministry of Agriculture and Livestock Development,Livestock Development,State Department for Livestock,Livestock Registration and Identification,C2G/B2G,Programme,Physical/Online,Livestock Systems,Animal Diseases Act,Traceability
AGR-LIV-002,Ministry of Agriculture and Livestock Development,Livestock Development,State Department for Livestock,Livestock Movement Permit,C2G/B2G,Regulatory,Online,Livestock Systems,Animal Diseases Act,Disease control
AGR-LIV-003,Ministry of Agriculture and Livestock Development,Livestock Development,State Department for Livestock,Veterinary Inspection and Certification,B2G,Regulatory,Physical/Online,Veterinary Systems,Meat Control Act,Slaughter animals
AGR-LIV-004,Ministry of Agriculture and Livestock Development,Livestock Development,State Department for Livestock,Artificial Insemination Services,C2G,Service,Physical,Extension Services,Agriculture Act,Breeding support
AGR-VET-001,Ministry of Agriculture and Livestock Development,Veterinary Services,Directorate of Veterinary Services,Animal Disease Surveillance and Reporting,G2G,Administrative,Internal,Veterinary Systems,Animal Diseases Act,National surveillance
AGR-VET-002,Ministry of Agriculture and Livestock Development,Veterinary Services,Directorate of Veterinary Services,Animal Vaccination Campaigns,C2G,Programme,Physical,Field Operations,Animal Diseases Act,Disease prevention
AGR-VET-003,Ministry of Agriculture and Livestock Development,Veterinary Services,Directorate of Veterinary Services,Import and Export of Animals Approval,B2G,Regulatory,Online,Veterinary Systems,Animal Diseases Act,Cross-border trade
AGR-PHY-001,Ministry of Agriculture and Livestock Development,Plant Health,Kenya Plant Health Inspectorate Service,Phytosanitary Certificate Issuance,B2G,Regulatory,Online,KEPHIS Portal,Plant Protection Act,Exports
AGR-PHY-002,Ministry of Agriculture and Livestock Development,Plant Health,Kenya Plant Health Inspectorate Service,Seed Certification and Variety Release,B2G,Regulatory,Online,KEPHIS Portal,Seeds and Plant Varieties Act,Seed sector
AGR-PHY-003,Ministry of Agriculture and Livestock Development,Plant Health,Kenya Plant Health Inspectorate Service,Import Permit for Plants and Plant Products,B2G,Regulatory,Online,KEPHIS Portal,Plant Protection Act,Imports
AGR-FIS-001,Ministry of Agriculture and Livestock Development,Fisheries and Blue Economy,State Department for Fisheries,Fishing Vessel Registration,B2G,Regulatory,Online,Fisheries Systems,Fisheries Management and Development Act,Marine inland
AGR-FIS-002,Ministry of Agriculture and Livestock Development,Fisheries and Blue Economy,State Department for Fisheries,Fish Movement and Export Certification,B2G,Regulatory,Online,Fisheries Systems,Fisheries Management and Development Act,Trade facilitation
AGR-FIS-003,Ministry of Agriculture and Livestock Development,Fisheries and Blue Economy,State Department for Fisheries,Aquaculture Licensing,B2G,Regulatory,Physical/Online,Fisheries Systems,Fisheries Management and Development Act,Fish farming
AGR-FOOD-001,Ministry of Agriculture and Livestock Development,Food Security Programmes,State Department for Crop Development,Strategic Grain Reserve Management,G2G,Administrative,Internal,Food Security Systems,Agriculture Act,National reserves
AGR-FOOD-002,Ministry of Agriculture and Livestock Development,Food Security Programmes,National Cereals and Produce Board,Produce Marketing and Storage Services,C2G/B2G,Service,Physical/Online,NCPB Systems,Agriculture Act,Maize grains
WAT-RES-001,Ministry of Water Sanitation and Irrigation,Water Resources Management,Water Resources Authority,Water Abstraction Permit Application,B2G,Regulatory,Online,WRA Portal,Water Act,Surface and groundwater use
WAT-RES-002,Ministry of Water Sanitation and Irrigation,Water Resources Management,Water Resources Authority,Water Use Permit Renewal,B2G,Regulatory,Online,WRA Portal,Water Act,Periodic renewal
WAT-RES-003,Ministry of Water Sanitation and Irrigation,Water Resources Management,Water Resources Authority,Water Discharge Permit,B2G,Regulatory,Online,WRA Portal,Water Act,Effluent discharge
WAT-RES-004,Ministry of Water Sanitation and Irrigation,Water Resources Management,Water Resources Authority,Water Works Approval,B2G,Regulatory,Online,WRA Portal,Water Act,Dams boreholes intakes
WAT-RES-005,Ministry of Water Sanitation and Irrigation,Water Resources Management,Water Resources Authority,Water Resources Data Access and Reporting,C2G/B2G,Informational,Online,WRA Portal,Water Act,Hydrological data
WAT-WSB-001,Ministry of Water Sanitation and Irrigation,Water Services Regulation,Water Services Regulatory Board,Licensing of Water Service Providers,B2G,Regulatory,Online,WASREB Portal,Water Act,Utilities licensing
WAT-WSB-002,Ministry of Water Sanitation and Irrigation,Water Services Regulation,Water Services Regulatory Board,Approval of Water Tariffs,B2G,Regulatory,Internal,WASREB Systems,Water Act,Tariff setting
WAT-WSB-003,Ministry of Water Sanitation and Irrigation,Water Services Regulation,Water Services Regulatory Board,Service Provision Performance Monitoring,G2G,Administrative,Internal,WASREB Systems,Water Act,Utility oversight
WAT-IRR-001,Ministry of Water Sanitation and Irrigation,Irrigation Development,National Irrigation Authority,Irrigation Scheme Enrollment,C2G/B2G,Programme,Physical/Online,Irrigation Systems,Irrigation Act,Smallholder schemes
WAT-IRR-002,Ministry of Water Sanitation and Irrigation,Irrigation Development,National Irrigation Authority,Irrigation Infrastructure Development Approvals,G2G/B2G,Administrative,Internal,Irrigation Systems,Irrigation Act,Public schemes
WAT-IRR-003,Ministry of Water Sanitation and Irrigation,Irrigation Development,National Irrigation Authority,Irrigation Water Allocation Management,G2G,Administrative,Internal,Irrigation Systems,Irrigation Act,Water scheduling
WAT-SAN-001,Ministry of Water Sanitation and Irrigation,Sanitation Services,State Department for Water and Sanitation,Rural Sanitation Programme Enrollment,C2G,Programme,Physical/Programme Systems,Sanitation Systems,Public Health Act,Household sanitation
WAT-SAN-002,Ministry of Water Sanitation and Irrigation,Sanitation Services,State Department for Water and Sanitation,Sewerage Infrastructure Development Requests,G2G,Administrative,Internal,Infrastructure Systems,Water Act,Urban sanitation
WAT-SAN-003,Ministry of Water Sanitation and Irrigation,Sanitation Services,State Department for Water and Sanitation,Faecal Sludge Management Regulation,B2G,Regulatory,Physical/Online,Sanitation Systems,Public Health Act,Sanitation operators
WAT-UTIL-001,Ministry of Water Sanitation and Irrigation,Water Utilities Services,Water Service Providers,New Water Connection Application,C2G/B2G,Transactional,Online/Physical,Utility Portals,Water Act,Household connections
WAT-UTIL-002,Ministry of Water Sanitation and Irrigation,Water Utilities Services,Water Service Providers,Water Billing and Payments,C2G/B2G,Transactional,Online,Utility Portals,Water Act,Recurring service
WAT-UTIL-003,Ministry of Water Sanitation and Irrigation,Water Utilities Services,Water Service Providers,Fault Reporting and Service Requests,C2G,Service,Online/Call Center,Utility Systems,Water Act,Customer support
DEV-IGR-001,Ministry of Devolution and ASALs,Intergovernmental Relations,State Department for Devolution,Intergovernmental Consultation and Coordination,G2G,Administrative,Internal,IGR Systems,Intergovernmental Relations Act,National–county coordination
DEV-IGR-002,Ministry of Devolution and ASALs,Intergovernmental Relations,State Department for Devolution,Transfer of Functions Support to Counties,G2G,Administrative,Internal,Devolution Systems,Constitution of Kenya,Function transfer support
DEV-IGR-003,Ministry of Devolution and ASALs,Intergovernmental Relations,State Department for Devolution,Conditional Grant Administration,G2G,Transactional,Internal,IFMIS/Devolution Systems,Public Finance Management Act,Grant-funded services
DEV-IGR-004,Ministry of Devolution and ASALs,Intergovernmental Relations,State Department for Devolution,County Capacity Building Programmes,G2G,Programme,Programme-based,Devolution Programmes,Devolution Policy,Institutional strengthening
DEV-ASAL-001,Ministry of Devolution and ASALs,ASAL Development,State Department for ASALs,ASAL Development Programme Enrollment,C2G,Programme,Physical/Programme Systems,ASAL Systems,ASAL Policy,Targeted regions
DEV-ASAL-002,Ministry of Devolution and ASALs,ASAL Development,State Department for ASALs,Drought Early Warning and Response Coordination,G2G,Administrative,Internal,NDMA Systems,NDMA Act,Disaster preparedness
DEV-ASAL-003,Ministry of Devolution and ASALs,ASAL Development,State Department for ASALs,Food Relief and Emergency Assistance,C2G,Programme,Physical/Programme Systems,Relief Systems,Disaster Management Framework,Shock response
DEV-ASAL-004,Ministry of Devolution and ASALs,ASAL Development,State Department for ASALs,Resilience and Livelihood Support Programmes,C2G,Programme,Programme-based,ASAL Systems,ASAL Policy,Community resilience
DEV-NDMA-001,Ministry of Devolution and ASALs,Disaster Risk Management,National Drought Management Authority,Drought Monitoring and Reporting,G2G,Administrative,Internal,NDMA Systems,NDMA Act,Early warning
DEV-NDMA-002,Ministry of Devolution and ASALs,Disaster Risk Management,National Drought Management Authority,Emergency Cash Transfer Activation,C2G,Programme,Programme-based,NDMA Systems,NDMA Act,Shock-responsive social protection
DEV-NDMA-003,Ministry of Devolution and ASALs,Disaster Risk Management,National Drought Management Authority,Humanitarian Coordination and Appeals,G2G,Administrative,Internal,NDMA Systems,NDMA Act,Multi-agency coordination
PRE-EXE-001,Office of the President,Cabinet Affairs,Cabinet Office,Cabinet Memoranda Submission and Processing,G2G,Administrative,Internal,Cabinet Systems,Constitution of Kenya,Executive decision-making
PRE-EXE-002,Office of the President,Cabinet Affairs,Cabinet Office,Tracking of Cabinet Decisions,G2G,Administrative,Internal,Cabinet Systems,Executive Procedures,Implementation oversight
PRE-EXE-003,Office of the President,Executive Coordination,Executive Office of the President,Inter-Ministerial Policy Coordination,G2G,Administrative,Internal,Executive Systems,Executive Authority,Cross-government alignment
PRE-SPP-001,Office of the President,Special Programmes,State Department for Special Programmes,Emergency Social Assistance Enrollment,C2G,Programme,Physical/Programme Systems,Special Programmes Systems,Executive Directives,Shock response
PRE-SPP-002,Office of the President,Special Programmes,State Department for Special Programmes,Food Relief Distribution Coordination,C2G,Programme,Physical,Relief Systems,Executive Directives,Humanitarian assistance
PRE-SPP-003,Office of the President,Special Programmes,State Department for Special Programmes,Special Cash Transfer Programmes,C2G,Programme,Programme-based,Payment Systems,Executive Directives,Vulnerable groups
PRE-SPP-004,Office of the President,Special Programmes,State Department for Special Programmes,Programme Beneficiary Targeting and Validation,G2G,Administrative,Internal,Social Registry Systems,Executive Directives,Eligibility management
PRE-SEC-001,Office of the President,National Security Coordination,National Security Council Secretariat,National Security Policy Coordination,G2G,Administrative,Internal,Security Systems,National Security Council Act,Classified
PRE-SEC-002,Office of the President,National Security Coordination,National Security Council Secretariat,Crisis and Emergency Coordination,G2G,Administrative,Internal,Security Systems,National Security Council Act,National emergencies
PRE-PET-001,Office of the President,Public Participation and Petitions,Office of the President,Presidential Petitions Handling,C2G,Administrative,Online/Physical,Petitions Systems,Constitution of Kenya,Citizen petitions
PRE-PET-002,Office of the President,Public Participation and Petitions,Office of the President,Public Complaints and Feedback Management,C2G,Service,Online/Physical,Feedback Systems,Executive Procedures,Citizen engagement
JUS-LEG-001,Ministry of Justice and Constitutional Affairs,Legal Services,Office of the Attorney General,Legal Advisory Services to MDAs,G2G,Administrative,Internal,OAG Systems,Office of the Attorney General Act,State legal advice
JUS-LEG-002,Ministry of Justice and Constitutional Affairs,Legal Services,Office of the Attorney General,Representation of Government in Court,G2G,Administrative,Internal,OAG Systems,Office of the Attorney General Act,Civil litigation
JUS-LEG-003,Ministry of Justice and Constitutional Affairs,Legal Services,Office of the Attorney General,Review of Contracts and Agreements,G2G,Administrative,Internal,OAG Systems,Office of the Attorney General Act,Government contracts
JUS-GAZ-001,Ministry of Justice and Constitutional Affairs,Legislation and Gazette Services,Government Printer,Publication of Kenya Gazette,G2G,Informational,Online,Government Printer Portal,Government Printer Act,Official notices
JUS-GAZ-002,Ministry of Justice and Constitutional Affairs,Legislation and Gazette Services,Government Printer,Printing of Acts and Regulations,G2G,Informational,Online/Physical,Government Printer Portal,Government Printer Act,Statutory instruments
JUS-GAZ-003,Ministry of Justice and Constitutional Affairs,Legislation and Gazette Services,Government Printer,Certification of Published Laws,C2G/B2G,Service,Physical,Government Printer Offices,Government Printer Act,Authenticated copies
JUS-ADR-001,Ministry of Justice and Constitutional Affairs,Alternative Dispute Resolution,Judiciary Liaison Directorate,State Mediation and Arbitration Support,C2G/B2G,Service,Physical,ADR Centres,Arbitration Act,Dispute resolution
JUS-ADR-002,Ministry of Justice and Constitutional Affairs,Alternative Dispute Resolution,Judiciary Liaison Directorate,Accreditation of Mediators and Arbitrators,B2G,Regulatory,Physical/Online,ADR Systems,Arbitration Act,Professional accreditation
JUS-LAD-001,Ministry of Justice and Constitutional Affairs,Legal Aid Services,National Legal Aid Service,Legal Aid Application,C2G,Transactional,Physical/Online,NLAS Portal,Legal Aid Act,Indigent persons
JUS-LAD-002,Ministry of Justice and Constitutional Affairs,Legal Aid Services,National Legal Aid Service,Assignment of Legal Aid Providers,G2G,Administrative,Internal,NLAS Systems,Legal Aid Act,Case allocation
JUS-LAD-003,Ministry of Justice and Constitutional Affairs,Legal Aid Services,National Legal Aid Service,Legal Aid Case Management,G2G,Administrative,Internal,NLAS Systems,Legal Aid Act,Case lifecycle
JUS-CON-001,Ministry of Justice and Constitutional Affairs,Constitutional Affairs,State Department for Constitutional Affairs,Constitutional Review Support Services,G2G,Administrative,Internal,Constitutional Systems,Constitution of Kenya,Policy reform
JUS-CON-002,Ministry of Justice and Constitutional Affairs,Constitutional Affairs,State Department for Constitutional Affairs,Civic Education on Constitution,C2G,Service,Programme-based,Civic Education Programmes,Constitution of Kenya,Public awareness
DEF-ADM-001,Ministry of Defence,Defence Administration,Ministry of Defence,Defence Policy Formulation and Coordination,G2G,Administrative,Internal,MoD Systems,Kenya Defence Forces Act,Strategic policy
DEF-ADM-002,Ministry of Defence,Defence Administration,Ministry of Defence,Defence Budget Planning and Execution,G2G,Administrative,Internal,IFMIS,Public Finance Management Act,Defence financing
DEF-REC-001,Ministry of Defence,Recruitment Services,Kenya Defence Forces,Kenya Defence Forces Recruitment,C2G,Transactional,Physical/Online,KDF Recruitment Portal,Kenya Defence Forces Act,Public recruitment
DEF-REC-002,Ministry of Defence,Recruitment Services,Kenya Defence Forces,Officer Cadet Recruitment,C2G,Transactional,Physical/Online,KDF Recruitment Portal,Kenya Defence Forces Act,Career entry
DEF-REC-003,Ministry of Defence,Recruitment Services,Kenya Defence Forces,Specialist Cadre Recruitment,C2G,Transactional,Physical/Online,KDF Recruitment Portal,Kenya Defence Forces Act,Technical roles
DEF-VET-001,Ministry of Defence,Veterans Affairs,Department of Veterans Affairs,Veterans Registration and Identification,C2G,Transactional,Physical/Online,Veterans Systems,Kenya Defence Forces Act,Veteran benefits
DEF-VET-002,Ministry of Defence,Veterans Affairs,Department of Veterans Affairs,Veterans Pension and Benefits Processing,C2G,Transactional,Internal,Veterans Systems,Kenya Defence Forces Act,Post-service benefits
DEF-VET-003,Ministry of Defence,Veterans Affairs,Department of Veterans Affairs,Veterans Medical and Welfare Support,C2G,Service,Physical,Veterans Facilities,Kenya Defence Forces Act,Social support
DEF-PROC-001,Ministry of Defence,Defence Procurement,Ministry of Defence,Defence Procurement Planning and Approvals,G2G,Administrative,Internal,Defence Procurement Systems,Public Procurement and Asset Disposal Act,Restricted procurement
DEF-PROC-002,Ministry of Defence,Defence Procurement,Ministry of Defence,Defence Contract Management,G2G,Administrative,Internal,Defence Procurement Systems,Public Procurement and Asset Disposal Act,Contract lifecycle
DEF-EDU-001,Ministry of Defence,Defence Training,Defence Forces Training Institutions,Military Training and Education Programmes,G2G,Service,Internal,Training Systems,Kenya Defence Forces Act,Capacity building
FOR-CON-001,Ministry of Foreign and Diaspora Affairs,Consular Services,State Department for Foreign Affairs,Consular Assistance to Citizens Abroad,C2G,Service,Physical/Online,Embassies and Missions,Foreign Service Act,Citizen protection
FOR-CON-002,Ministry of Foreign and Diaspora Affairs,Consular Services,State Department for Foreign Affairs,Emergency Travel Document Issuance,C2G,Transactional,Physical/Online,Embassies and Missions,Foreign Service Act,Lost passports
FOR-CON-003,Ministry of Foreign and Diaspora Affairs,Consular Services,State Department for Foreign Affairs,Authentication and Legalization of Documents,C2G/B2G,Transactional,Physical/Online,Consular Systems,Foreign Service Act,Use abroad
FOR-CON-004,Ministry of Foreign and Diaspora Affairs,Consular Services,State Department for Foreign Affairs,Repatriation Support Services,C2G,Service,Physical/Online,Consular Systems,Foreign Service Act,Distress cases
FOR-DIA-001,Ministry of Foreign and Diaspora Affairs,Diaspora Affairs,State Department for Diaspora Affairs,Diaspora Registration and Profiling,C2G,Programme,Online,Diaspora Portal,Diaspora Policy,Global registry
FOR-DIA-002,Ministry of Foreign and Diaspora Affairs,Diaspora Affairs,State Department for Diaspora Affairs,Diaspora Investment Facilitation,B2G,Service,Online,Diaspora Portal,Investment Promotion Act,Investment support
FOR-DIA-003,Ministry of Foreign and Diaspora Affairs,Diaspora Affairs,State Department for Diaspora Affairs,Diaspora Welfare and Support Programmes,C2G,Programme,Programme-based,Diaspora Systems,Diaspora Policy,Community support
FOR-DIP-001,Ministry of Foreign and Diaspora Affairs,Diplomatic Relations,State Department for Foreign Affairs,Negotiation and Management of Bilateral Agreements,G2G,Administrative,Internal,Diplomatic Systems,Foreign Service Act,Bilateral treaties
FOR-DIP-002,Ministry of Foreign and Diaspora Affairs,Diplomatic Relations,State Department for Foreign Affairs,Multilateral Treaty Coordination and Reporting,G2G,Administrative,Internal,Diplomatic Systems,Foreign Service Act,UN AU obligations
FOR-DIP-003,Ministry of Foreign and Diaspora Affairs,Diplomatic Relations,State Department for Foreign Affairs,Protocol and State Ceremonies Management,G2G,Administrative,Internal,Protocol Systems,State Protocol Rules,Official events
FOR-INT-001,Ministry of Foreign and Diaspora Affairs,International Cooperation,State Department for Foreign Affairs,International Technical Cooperation Coordination,G2G,Administrative,Internal,Cooperation Systems,Foreign Service Act,Development partners
FOR-INT-002,Ministry of Foreign and Diaspora Affairs,International Cooperation,State Department for Foreign Affairs,Posting and Management of Diplomatic Staff,G2G,Administrative,Internal,HR Systems,Foreign Service Act,Foreign missions
CUL-SPR-001,Ministry of Culture Sports and Heritage,Sports Development,State Department for Sports,Registration of Sports Organizations,B2G,Regulatory,Online,Sports Registrar Portal,Sports Act,Federations clubs
CUL-SPR-002,Ministry of Culture Sports and Heritage,Sports Development,State Department for Sports,Licensing of Sports Events and Competitions,B2G,Regulatory,Online,Sports Systems,Sports Act,Event approval
CUL-SPR-003,Ministry of Culture Sports and Heritage,Sports Development,State Department for Sports,National Sports Funding and Grants,C2G/B2G,Programme,Programme-based,Sports Fund Systems,Sports Act,Athletes teams
CUL-SPR-004,Ministry of Culture Sports and Heritage,Sports Development,State Department for Sports,Athlete Registration and Eligibility Management,C2G,Administrative,Online,Sports Systems,Sports Act,National teams
CUL-ART-001,Ministry of Culture Sports and Heritage,Arts and Creative Economy,State Department for Culture,Registration of Creative Associations,C2G/B2G,Regulatory,Physical/Online,Culture Systems,Culture Policy,Creative groups
CUL-ART-002,Ministry of Culture Sports and Heritage,Arts and Creative Economy,State Department for Culture,Creative Grants and Sponsorships,C2G/B2G,Programme,Programme-based,Creative Economy Systems,Culture Policy,Artists creators
CUL-ART-003,Ministry of Culture Sports and Heritage,Arts and Creative Economy,Kenya Copyright Board,Copyright Registration and Management,C2G/B2G,Regulatory,Online,KECOBO Portal,Copyright Act,IP protection
IND-PSC-001,Independent Offices and Commissions,Public Service Management,Public Service Commission,Recruitment and Selection of Public Officers,G2G,Administrative,Online,PSC Portal,Constitution of Kenya,Civil service hiring
IND-PSC-002,Independent Offices and Commissions,Public Service Management,Public Service Commission,Human Resource Appeals and Reviews,C2G/G2G,Administrative,Online,PSC Portal,Constitution of Kenya,HR appeals
IND-PSC-003,Independent Offices and Commissions,Public Service Management,Public Service Commission,Public Service Performance Management,G2G,Administrative,Internal,PSC Systems,Public Service Commission Act,Performance oversight
IND-IEB-001,Independent Offices and Commissions,Elections Management,Independent Electoral and Boundaries Commission,Voter Registration,C2G,Transactional,Physical/Online,IEBC Systems,Constitution of Kenya,Elections
IND-IEB-002,Independent Offices and Commissions,Elections Management,Independent Electoral and Boundaries Commission,Candidate Nomination Management,B2G,Regulatory,Online,IEBC Systems,Elections Act,Political parties
IND-IEB-003,Independent Offices and Commissions,Elections Management,Independent Electoral and Boundaries Commission,Election Results Management and Publication,G2G,Informational,Online,IEBC Systems,Elections Act,National results
IND-EAC-001,Independent Offices and Commissions,Ethics and Integrity,EACC,Asset Declaration Processing,G2G,Regulatory,Online,EACC Systems,Leadership and Integrity Act,Public officers
IND-EAC-002,Independent Offices and Commissions,Ethics and Integrity,EACC,Corruption Complaints and Investigations,C2G,Service,Online/Physical,EACC Systems,Anti-Corruption and Economic Crimes Act,Whistleblowing
IND-EAC-003,Independent Offices and Commissions,Ethics and Integrity,EACC,Integrity Vetting and Clearance,G2G/B2G,Regulatory,Internal,EACC Systems,Leadership and Integrity Act,Vetting
IND-AUD-001,Independent Offices and Commissions,Public Audit,Office of the Auditor-General,Audit of Public Accounts,G2G,Administrative,Internal,OAG Audit Systems,Constitution of Kenya,Financial oversight
IND-AUD-002,Independent Offices and Commissions,Public Audit,Office of the Auditor-General,Audit Reports Publication,G2G,Informational,Online,OAG Website,Public Audit Act,Transparency
IND-COB-001,Independent Offices and Commissions,Budget Oversight,Office of the Controller of Budget,Budget Implementation Oversight,G2G,Administrative,Internal,COB Systems,Constitution of Kenya,Expenditure control
IND-COB-002,Independent Offices and Commissions,Budget Oversight,Office of the Controller of Budget,Approval of Withdrawals from Public Funds,G2G,Regulatory,Internal,COB Systems,Public Finance Management Act,Exchequer control
IND-JSC-001,Independent Offices and Commissions,Judicial Service Management,Judicial Service Commission,Recruitment of Judicial Officers,G2G,Administrative,Online,JSC Portal,Constitution of Kenya,Judiciary staffing
IND-JSC-002,Independent Offices and Commissions,Judicial Service Management,Judicial Service Commission,Disciplinary Proceedings for Judicial Officers,G2G,Administrative,Internal,JSC Systems,Judicial Service Act,Judicial discipline
